<?xml version="1.0" encoding="utf-8" standalone="yes" ?>
<Window size="320,260" caption="0,0,0,30" showshadow="true" shadowsize="5" shadowposition="1,1" shadowcolor="#333333" >
  <!--0--> <Font name="微软雅黑" size="14" bold="false" italic="false" default="true"/>
  <!--1--> <Font name="微软雅黑" size="16" bold="false" italic="false" />
  
  <Include source="scrollbar.xml" />

    <VerticalLayout bkcolor="#FFFFFFFF">  
		<VerticalLayout bkimage="titlebk.png" height="30" >
			<HorizontalLayout >
				<Label bkimage="log_small.png" width="20" height="20" padding="10,6,8,0" />
				<Label text="添加过滤规则" width="100" textcolor="#FFFFFFFF"/>
				<Control />
				<Button name="btn_close" padding="0,7,0,7" width="16" height="16" normalimage="file='关闭.png' source='0,0,16,16'" hotimage="file='关闭.png' source='32,0,48,16'" pushedimage="file='关闭.png' source='32,0,48,16'" />
				<Control width="20" />
			</HorizontalLayout>		
		</VerticalLayout>
			
			<Control height="30" />
			
			<HorizontalLayout height="30" padding="20,0,0,0">
				<Label text="过滤规则：" height="30" width="100" textcolor="#ff222222" />
				<Combo name="combo_filter_rule" padding="0,2,0,2" vscrollbar="true" textpadding="3,0,20,0" width="150" itemtextpadding="3,0,0,0" itemselectedtextcolor="#ff222222" itemhottextcolor="#ff222222" textcolor="#ff222222" itemtextcolor="#ff222222" height="25" dropboxsize="0,120" itemalign="left" bordersize="1" bordercolor="#FFAFAFAF" normalimage="file='combo_right.png' source='0,0,20,20' dest='130,2,150,22'" hotimage="file='combo_right.png' source='21,0,41,20' dest='130,2,150,22'" pushedimage="file='combo_right.png' source='42,0,62,20' dest='130,2,150,22'">
					<ListLabelElement text="IP地址"  height="25" selected="true"/>
					<ListLabelElement text="IP地址段"  height="25"/>
					<ListLabelElement text="Mac地址"  height="25"/>		
				</Combo>				
			</HorizontalLayout>
			
		<HorizontalLayout height="30" padding="20,10,0,0" >
				<Label name="lab_ip_first" text="IP开始地址：" height="30" width="100" textcolor="#ff222222" />
				<Edit name="edit_first" padding="0,2,0,2" width="150" bordersize="1" bordercolor="#FFAFAFAF" textcolor="#ff222222" />				
			</HorizontalLayout>
			
			<HorizontalLayout height="30" padding="20,10,0,0" >
				<Label name="lab_ip_second" text="IP结束地址：" height="30" width="100" textcolor="#ff222222" />
				<Edit name="edit_two" padding="0,2,0,2" width="150" bordersize="1" bordercolor="#FFAFAFAF" textcolor="#ff222222" />				
			</HorizontalLayout>
			
			<Control height="30" />
			
			<HorizontalLayout height="26" >
				<Control />
				<Button name="btn_ok" width="80" text="保  存" textcolor="#ff222222" normalimage="file='btn_normal.png' corner='2,2,2,2'" hotimage="file='btn_hot.png' corner='2,2,2,2'" pushedimage="file='btn_down.png' corner='2,2,2,2'" disabledimage="file='btn_disable.png' corner='2,2,2,2'" />
				<Control width="30" />
				<Button name="btn_close" width="80" text="关  闭" textcolor="#ff222222" normalimage="file='btn_normal.png' corner='2,2,2,2'" hotimage="file='btn_hot.png' corner='2,2,2,2'" pushedimage="file='btn_down.png' corner='2,2,2,2'" disabledimage="file='btn_disable.png' corner='2,2,2,2'" />
				<Control width="60" />
			</HorizontalLayout>	 
		
		

    </VerticalLayout> 
	
	
</Window>
