<?xml version="1.0" encoding="utf-8" standalone="yes" ?>
<Window size="700,400" caption="0,0,0,40" sizebox="4,4,6,6" showshadow="true" shadowsize="5" shadowposition="1,1" shadowcolor="#333333" >
  <!--0--> <Font name="微软雅黑" size="13" bold="false" italic="false" default="true"/>
  <!--1--> <Font name="微软雅黑" size="16" bold="false" italic="false" />
  <!--2--> <Font name="微软雅黑" size="12" bold="false" italic="false" underline="true" />
  <!--3--> <Font name="微软雅黑" size="13" bold="false" italic="false" />
  <!--4--> <Font name="微软雅黑" size="11" bold="false" italic="false" />
  
  <Default name="Edit" value="width=&quot;100&quot; height=&quot;23&quot; textpadding=&quot;3,1,3,1&quot; textcolor=&quot;#ff333333&quot; normalimage=&quot;file='editnor.png' corner='1,1,1,1'&quot; hotimage=&quot;file='edithot.png' corner='1,1,1,1'&quot; disabledimage=&quot;file='editdis.png' corner='1,1,1,1'&quot; focusedimage=&quot;file='editfoucs.png' corner='1,1,1,1'&quot;" />
  
  <Include source="scrollbar.xml" />

    <VerticalLayout bkcolor="#FFFFFFFF">  
		<VerticalLayout bkimage="titlebk.png" height="30" >
			<HorizontalLayout >
				<Label bkimage="log_small.png" width="20" height="20" padding="10,6,8,0" />
				<Label name="lab_title" text="云账号"  font="1" textcolor="#FFFFFFFF"/>				
				<Button name="btn_close" padding="0,7,0,7" width="16" height="16" normalimage="file='关闭.png' source='0,0,16,16'" hotimage="file='关闭.png' source='32,0,48,16'" pushedimage="file='关闭.png' source='32,0,48,16'" />
				<Control width="20" />
			</HorizontalLayout>		
		</VerticalLayout>		
		
		
		<List name="list_lock"	padding="10,5,10,0" inset="2,2,2,2" vscrollbar="260" hscrollbar="true" bordersize="1" bordercolor="#FFAFAFAF" itemselectedimage="btncover2.png">
			<ListHeader height="30" bkcolor="#ffeeeeee" >
				<ListHeaderItem name="list_headItem_lock_id" inset="1,0,1,0" width="270" sepimage="list_header_sep.png" sepimm="true" sepwidth="1" hotimage="headitemhot.png">
					<Label text="加密锁ID" textpadding="3,0,0,0" textcolor="#ff333333" endellipsis="true"/>
				</ListHeaderItem>
				<ListHeaderItem name="list_headItem_lock_state" inset="1,0,1,0" width="260" sepimage="list_header_sep.png" sepimm="true" sepwidth="1"  hotimage="headitemhot.png">
					<Label text="绑定状态" textpadding="3,0,0,0" textcolor="#ff333333" endellipsis="true"/>
				</ListHeaderItem>
				<ListHeaderItem name="list_headItem_lock_operator" inset="1,0,1,0" width="50" minwidth="50" maxwidth="50" sepimage="list_header_sep.png" sepimm="true" sepwidth="1"  hotimage="headitemhot.png">
					<Label text="操作" textpadding="3,0,0,0" textcolor="#ff333333" endellipsis="true"/>
				</ListHeaderItem>																				
			</ListHeader>					
		</List>	
			
		<Control height="10" />
 
		<HorizontalLayout height="26">				
			<Control />
			<Button name="btn_transfer_lic" text="转移许可" width="80" textcolor="#ff333333" normalimage="file='btn_normal.png' corner='2,2,2,2'" hotimage="file='btn_hot.png' corner='2,2,2,2'" pushedimage="file='btn_down.png' corner='2,2,2,2'" disabledimage="file='btn_disable.png' corner='2,2,2,2'" />
			<Control width="30" />
			<Button name="btn_close" text="关闭" width="80" textcolor="#ff333333" normalimage="file='btn_normal.png' corner='2,2,2,2'" hotimage="file='btn_hot.png' corner='2,2,2,2'" pushedimage="file='btn_down.png' corner='2,2,2,2'" disabledimage="file='btn_disable.png' corner='2,2,2,2'" />
			<Control width="45" />
		</HorizontalLayout>	
			
		<Control height="10" />

    </VerticalLayout>
	
</Window>