<?xml version="1.0" encoding="utf-8" standalone="yes" ?>
<Window size="600,480" caption="0,0,0,40" showshadow="true" shadowsize="5" sizebox="4,4,6,6" shadowposition="1,1" shadowcolor="#333333" >
  <!--0--> <Font name="微软雅黑" size="14" bold="false" italic="false" default="true"/>
  <!--1--> <Font name="微软雅黑" size="16" bold="false" italic="false" />
  <!--2--> <Font name="微软雅黑" size="12" bold="false" italic="false" />
  
  <Include source="scrollbar.xml" />

    <VerticalLayout bkcolor="#FFFFFFFF">  
		<VerticalLayout bkimage="titlebk.png" height="40" >
			<HorizontalLayout >
				<Label bkimage="log_small.png" width="20" height="20" padding="10,11,8,0" />
				<Label name="lab_config_title" text="配置SS" font="1" width="60" textcolor="#FFFFFFFF"/>
				<Control />
				<Button name="btn_close" padding="0,12,0,12" width="16" height="16" normalimage="file='关闭.png' source='0,0,16,16'" hotimage="file='关闭.png' source='32,0,48,16'" pushedimage="file='关闭.png' source='32,0,48,16'" />
				<Control width="20" />
			</HorizontalLayout>		
		</VerticalLayout>
		
		<Control height="5" />
		
		<HorizontalLayout >
			<Control width="5" />
			<VerticalLayout width="120" bordersize="1" bordercolor="#FF888888" inset="2,2,2,2">
				<Option name="opt_config_common" height="30" text="通 用" align="center" bindtablayoutname="tab_configs_ss" bindtabindex="0" selected="true" font="0" group="2" textcolor="#ff222222" selectedimage="btncover2.png"/>
				<Option name="opt_config_client" height="30" text="客户端" align="center" bindtablayoutname="tab_configs_ss" bindtabindex="1" font="0" group="2" textcolor="#ff222222" selectedimage="btncover2.png"/>
				<Option name="opt_config_server" height="30" text="服务端" align="center" bindtablayoutname="tab_configs_ss" bindtabindex="2" font="0" group="2" textcolor="#ff222222" selectedimage="btncover2.png"/>
			</VerticalLayout>
			<Control width="10" />
			
			<TabLayout name="tab_configs_ss" selected="1"> 
			
				<VerticalLayout name="tab_config_page_common" >
					<HorizontalLayout height="30" >
						<Control width="20" />
						<Label text="把程序作为：" width="100" font="0" textcolor="#ff222222" />
						<Control width="10" />
						<Combo name="combo_service_model" padding="0,2,0,2" vscrollbar="true" textpadding="3,0,20,0" width="200" itemtextpadding="3,0,0,0" itemselectedtextcolor="#ff222222" itemhottextcolor="#ff222222" textcolor="#ff222222" itemtextcolor="#ff222222" height="25" dropboxsize="0,120" itemalign="left" bordersize="1" bordercolor="#FFAFAFAF" normalimage="file='combo_right.png' source='0,0,20,20' dest='180,2,200,22'" hotimage="file='combo_right.png' source='21,0,41,20' dest='180,2,200,22'" pushedimage="file='combo_right.png' source='42,0,62,20' dest='180,2,200,22'">
							<ListLabelElement text="本地模式"  height="25"/>
							<ListLabelElement text="客户端模式"  height="25"/>								
							<ListLabelElement text="客户端/服务器混合模式"  height="25"/>							
						</Combo>
					</HorizontalLayout>
					
					<Control height="10" />
					
					<HorizontalLayout height="30" >
						<Control width="20" />
						<Label text="日志等级：" width="100" font="0" textcolor="#ff222222" />
						<Control width="10" />
						<Combo name="combo_log_level" padding="0,2,0,2" vscrollbar="true" textpadding="3,0,20,0" width="200" itemtextpadding="3,0,0,0" itemselectedtextcolor="#ff222222" itemhottextcolor="#ff222222" textcolor="#ff222222" itemtextcolor="#ff222222" height="25" dropboxsize="0,120" itemalign="left" bordersize="1" bordercolor="#FFAFAFAF" normalimage="file='combo_right.png' source='0,0,20,20' dest='180,2,200,22'" hotimage="file='combo_right.png' source='21,0,41,20' dest='180,2,200,22'" pushedimage="file='combo_right.png' source='42,0,62,20' dest='180,2,200,22'">
							<ListLabelElement text="致命错误"  height="25"/>
							<ListLabelElement text="一般错误"  height="25"/>
							<ListLabelElement text="警告"  height="25"/>		
						</Combo>
					</HorizontalLayout>
					
					<Control height="10" />
					
					<HorizontalLayout height="30">
						<Control width="20" />
						<Label text="日志文件路径：" width="100" font="0" textcolor="#ff222222" />
						<Control width="10" />
						<Edit name="edit_log_path" font="2" text="" width="250" padding="0,2,0,2" bordersize="1" bordercolor="#FFAFAFAF" textcolor="#ff222222" enabled="false" />
						<Control width="20" />
						<Button name="btn_log_path" width="40" text="..." padding="0,2,0,2" normalimage="file='btn_normal.png' corner='2,2,2,2'" hotimage="file='btn_hot.png' corner='2,2,2,2'" pushedimage="file='btn_down.png' corner='2,2,2,2'" disabledimage="file='btn_disable.png' corner='2,2,2,2'" />
					</HorizontalLayout>
				</VerticalLayout>
				
				<VerticalLayout >
					<Label text="服务器列表：" height="30" textcolor="#ff222222" />
					<List name="list_config_server"	inset="2,2,2,2" vscrollbar="true" hscrollbar="true" bordersize="1" bordercolor="#FFAFAFAF" itemselectedimage="btncover2.png">
						<ListHeader height="25" bkcolor="#ffeeeeee" >
							<ListHeaderItem inset="1,0,1,0" width="80" sepimage="list_header_sep.png" sepimm="true" sepwidth="1" >
								<Label text="服务器名称" textpadding="3,0,0,0" textcolor="#ff222222" endellipsis="true"/>
							</ListHeaderItem>
							<ListHeaderItem inset="1,0,1,0" width="80" sepimage="list_header_sep.png" sepimm="true" sepwidth="1" >
								<Label text="IP地址" textpadding="3,0,0,0" textcolor="#ff222222" endellipsis="true"/>
							</ListHeaderItem>
							<ListHeaderItem inset="1,0,1,0" width="80" sepimage="list_header_sep.png" sepimm="true" sepwidth="1" >
								<Label text="端口号" textpadding="3,0,0,0" textcolor="#ff222222" endellipsis="true"/>
							</ListHeaderItem>
							<ListHeaderItem inset="1,0,1,0" width="80" sepimage="list_header_sep.png" sepimm="true" sepwidth="1" >
								<Label text="状态" textpadding="3,0,0,0" textcolor="#ff222222" endellipsis="true"/>
							</ListHeaderItem>
							<ListHeaderItem inset="1,0,1,0" width="80" sepimage="list_header_sep.png" sepimm="true" sepwidth="1" >
								<Label text="链接超时" textpadding="3,0,0,0" textcolor="#ff222222" endellipsis="true"/>
							</ListHeaderItem>
							<ListHeaderItem inset="1,0,1,0" width="80" sepimage="list_header_sep.png" sepimm="true" sepwidth="1" >
								<Label text="消息超时" textpadding="3,0,0,0" textcolor="#ff222222" endellipsis="true"/>
							</ListHeaderItem>
							<ListHeaderItem inset="1,0,1,0" width="80" sepimage="list_header_sep.png" sepimm="true" sepwidth="1" >
								<Label text="重连次数" textpadding="3,0,0,0" textcolor="#ff222222" endellipsis="true"/>
							</ListHeaderItem>
							<ListHeaderItem inset="1,0,1,0" width="80" sepimage="list_header_sep.png" sepimm="true" sepwidth="1" >
								<Label text="自动重连" textpadding="3,0,0,0" textcolor="#ff222222" endellipsis="true"/>
							</ListHeaderItem>
							<ListHeaderItem inset="1,0,1,0" width="80" sepimage="list_header_sep.png" sepimm="true" sepwidth="1" >
								<Label text="添加方式" textpadding="3,0,0,0" textcolor="#ff222222" endellipsis="true"/>
							</ListHeaderItem>
						</ListHeader>					
					</List>
					
					<Control height="10" />
					
					<HorizontalLayout height="26">						
						<Button name="btn_config_add_service_info" text="添加服务信息" width="100" textcolor="#ff222222" normalimage="file='btn_normal.png' corner='2,2,2,2'" hotimage="file='btn_hot.png' corner='2,2,2,2'" pushedimage="file='btn_down.png' corner='2,2,2,2'" disabledimage="file='btn_disable.png' corner='2,2,2,2'"/>
						<Control width="10" />
						<Button name="btn_config_delete_service_info" text="删除服务信息" width="100" textcolor="#ff222222" normalimage="file='btn_normal.png' corner='2,2,2,2'" hotimage="file='btn_hot.png' corner='2,2,2,2'" pushedimage="file='btn_down.png' corner='2,2,2,2'" disabledimage="file='btn_disable.png' corner='2,2,2,2'"/>
						<Control />
						<Button name="btn_config_service_refresh" text="刷  新" width="100" textcolor="#ff222222" normalimage="file='btn_normal.png' corner='2,2,2,2'" hotimage="file='btn_hot.png' corner='2,2,2,2'" pushedimage="file='btn_down.png' corner='2,2,2,2'" disabledimage="file='btn_disable.png' corner='2,2,2,2'"/>
					</HorizontalLayout>
					
					<Control height="10" />
					
					<Control height="1" bordersize="1" bordercolor="#FFAFAFAF" />
					
					<Control height="10" />
					
					<Button name="btn_set_proxy" text="设置代理" width="100" height="26" normalimage="file='btn_normal.png' corner='2,2,2,2'" hotimage="file='btn_hot.png' corner='2,2,2,2'" pushedimage="file='btn_down.png' corner='2,2,2,2'" disabledimage="file='btn_disable.png' corner='2,2,2,2'" />
					
					<Control height="10" />
					
					<Control height="1" bordersize="1" bordercolor="#FFAFAFAF" />
				
				</VerticalLayout>
				
				<VerticalLayout>
					<HorizontalLayout height="30" >
						<Label text="服务器名称：" width="100" textcolor="#ff222222" />
						<Edit name="edit_server_name" width="150" padding="0,2,0,2" bordersize="1" bordercolor="#FFAFAFAF" textcolor="#ff222222" />
					</HorizontalLayout>
					
					<HorizontalLayout height="30" >
						<Label text="监听端口号：" width="100" textcolor="#ff222222" />
						<Edit name="edit_server_port" width="150" padding="0,2,0,2" bordersize="1" bordercolor="#FFAFAFAF" textcolor="#ff222222" />
						<Control width="5" />
						<Label text="(默认为10334)" width="150" textcolor="#ff222222" />
					</HorizontalLayout>
					
					<HorizontalLayout height="30" >
						<Label text="消息超时时间：" width="100" textcolor="#ff222222" />
						<Edit name="edit_server_msg_timeout" width="150" padding="0,2,0,2" bordersize="1" bordercolor="#FFAFAFAF" textcolor="#ff222222" />
						<Control width="5" />
						<Label text="毫秒(默认为3000毫秒)" width="150" textcolor="#ff222222" />
					</HorizontalLayout>
					
					<Control height="20" />
					
					<HorizontalLayout height="30" >
						<Label text="过滤规则：" textcolor="#ff222222" width="80" />
						<Option name="opt_filter_no" width="80" text="不启用" textpadding="15,0,0,0" group="4" textcolor="#ff222222" normalimage="file='RadioBtnNon.png' dest='0,8,13,21'" selectedimage="file='RadioBtnSel.png' dest='0,8,13,21'"/>
						<Option name="opt_filter_white" width="100" text="启用白名单" textpadding="15,0,0,0" group="4" textcolor="#ff222222" normalimage="file='RadioBtnNon.png' dest='0,8,13,21'" selectedimage="file='RadioBtnSel.png' dest='0,8,13,21'"/>
						<Option name="opt_filter_black" width="100" text="启用黑名单" textpadding="15,0,0,0" group="4" textcolor="#ff222222" normalimage="file='RadioBtnNon.png' dest='0,8,13,21'" selectedimage="file='RadioBtnSel.png' dest='0,8,13,21'"/>
					</HorizontalLayout>
					
					<List name="list_filter" inset="2,2,2,2" vscrollbar="true" hscrollbar="true" bordersize="1" bordercolor="#FFAFAFAF" itemselectedimage="btncover2.png">
						<ListHeader height="25" bkcolor="#ffeeeeee" >
							<ListHeaderItem inset="1,0,1,0" width="100" sepimage="list_header_sep.png" sepimm="true" sepwidth="1" >
								<Label text="过滤方式" textpadding="3,0,0,0" textcolor="#ff222222" endellipsis="true"/>
							</ListHeaderItem>
							<ListHeaderItem inset="1,0,1,0" width="300" sepimage="list_header_sep.png" sepimm="true" sepwidth="1" >
								<Label text="内容" textpadding="3,0,0,0" textcolor="#ff222222" endellipsis="true"/>
							</ListHeaderItem>
						</ListHeader>					
					</List>		
					
					<Control height="10" />
					
					<HorizontalLayout height="26" > 
						<Button name="btn_add_filter_rule" text="添  加" textcolor="#ff222222" width="100" normalimage="file='btn_normal.png' corner='2,2,2,2'" hotimage="file='btn_hot.png' corner='2,2,2,2'" pushedimage="file='btn_down.png' corner='2,2,2,2'" disabledimage="file='btn_disable.png' corner='2,2,2,2'"/>
						<Control width="20" />
						<Button name="btn_delete_filter_rule" text="删  除" textcolor="#ff222222" width="100" normalimage="file='btn_normal.png' corner='2,2,2,2'" hotimage="file='btn_hot.png' corner='2,2,2,2'" pushedimage="file='btn_down.png' corner='2,2,2,2'" disabledimage="file='btn_disable.png' corner='2,2,2,2'"/>
					</HorizontalLayout>
					
					<Control height="20"/>
					
					<Control height="1" bordersize="1" bordercolor="#FFAFAFAF" />
					
				</VerticalLayout>
			
			</TabLayout>
			
			<Control width="10" />
		</HorizontalLayout>
		
		<Control height="15" />
		
		<HorizontalLayout height="30" >
			<Control />
			<Button name="btn_save" width="80" text="保  存" font="0" textcolor="#ff333333" normalimage="file='btn_normal.png' corner='2,2,2,2'" hotimage="file='btn_hot.png' corner='2,2,2,2'" pushedimage="file='btn_down.png' corner='2,2,2,2'" disabledimage="file='btn_disable.png' corner='2,2,2,2'"/>
			<Control width="10" />
			<Button name="btn_close" width="80" text="取  消" font="0" textcolor="#ff333333" normalimage="file='btn_normal.png' corner='2,2,2,2'" hotimage="file='btn_hot.png' corner='2,2,2,2'" pushedimage="file='btn_down.png' corner='2,2,2,2'" disabledimage="file='btn_disable.png' corner='2,2,2,2'"/>
			<Control width="20" />
		</HorizontalLayout>

		<Control height="15" />		    

    </VerticalLayout>
	
	
</Window>
