<?xml version="1.0" encoding="utf-8" standalone="yes" ?>
<Window size="600,480" caption="0,0,0,40" showshadow="true" shadowsize="5" shadowposition="1,1" shadowcolor="#333333" >
  <!--0--> <Font name="微软雅黑" size="14" bold="false" italic="false" default="true"/>
  <!--1--> <Font name="微软雅黑" size="16" bold="false" italic="false" />
  
  <Include source="scrollbar.xml" />

    <VerticalLayout bkcolor="#FFFFFFFF">  
		<VerticalLayout bkimage="titlebk.png" height="40" >
			<HorizontalLayout >
				<Control width="10" />
				<Label name="lab_config_title" text="配置SS" font="1" width="60" textcolor="#FFFFFFFF"/>
				<Control />
				<Button name="closebtn" padding="0,12,0,12" width="16" height="16" normalimage="file='关闭.png' source='0,0,16,16'" hotimage="file='关闭.png' source='32,0,48,16'" pushedimage="file='关闭.png' source='32,0,48,16'" />
				<Control width="20" />
			</HorizontalLayout>		
		</VerticalLayout>
		
    

    </VerticalLayout>
	
	
</Window>