<?xml version="1.0" encoding="utf-8" standalone="yes" ?>
<Window size="900,600" caption="50,0,0,50" sizebox="4,4,6,6" mininfo="600,400" showshadow="true" shadowsize="5" shadowposition="1,1" shadowcolor="#333333">
  <!--0--> <Font name="微软雅黑" size="18" bold="false" italic="false" />
  <!--1--> <Font name="微软雅黑" size="14" bold="false" italic="false" />
  <!--2--> <Font name="微软雅黑" size="12" bold="false" italic="false" default="true"/>  
  <!--3--> <Font name="微软雅黑" size="16" bold="false" italic="false" /> 
  <!--4--> <Font name="微软雅黑" size="10" bold="false" italic="false" /> 
  <!--5--> <Font name="微软雅黑" size="12" bold="false" italic="false" underline="true"/>
  <!--6--> <Font name="微软雅黑" size="13" bold="false" italic="false" /> 

  <Include source="scrollbar.xml" /> 

    <VerticalLayout bkcolor="#FFFFFFFF">
		
		<HorizontalLayout bkimage="标题.png" height="40">	
			<Label bkimage="log_small.png" padding="10,10,0,10" width="20"/>
			<Label text="虚拟磁盘文件视图" textcolor="#ffffffff" font="3" padding="10,0,0,0"/>
			
			<VerticalLayout width="200">
				<Control height="12"/>				
				<HorizontalLayout height="16">
					<Control />									
					<Button name="minbtn" width="16" normalimage="file='最小化.png' source='0,0,16,16'" hotimage="file='最小化.png' source='16,0,32,16'" />					
					<Control width="15" />					
					<Container width="16" >
						<Button name="maxbtn" normalimage="file='最大化.png' source='0,0,16,16'" hotimage="file='最大化.png' source='16,0,32,16'" />
						<Button name="restorebtn" visible="false" normalimage="file='复原.png' source='0,0,16,16'" hotimage="file='复原.png' source='16,0,32,16'"	/>				
					</Container>					
					<Control width="15" />					
					<Button name="btn_close" width="16" normalimage="file='关闭.png' source='0,0,16,16'" hotimage="file='关闭.png' source='32,0,48,16'" />
 					<Control width="15" />
				</HorizontalLayout>								
				<Control />			
			</VerticalLayout>			
			<Control width="10" />		
		</HorizontalLayout>
		
		<HorizontalLayout name="hor_command" height="30" padding="20,0,20,0">
			<Button name="btn_cmd1" text="菜单1" width="30" textcolor="#ff333333" hottextcolor="#ff0099cc"/>
			<Control width="20" />
			<Button name="btn_cmd2" text="菜单2" width="30" textcolor="#ff333333" hottextcolor="#ff0099cc"/>
			<Control width="20" />	
			<Button name="btn_cmd3" text="菜单3" width="30" textcolor="#ff333333" hottextcolor="#ff0099cc"/>
			<Control width="20" />
			<Button name="btn_cmd4" text="菜单4" width="30" textcolor="#ff333333" hottextcolor="#ff0099cc"/>
			<Control width="20" />
			<Button name="btn_cmd5" text="菜单5" width="30" textcolor="#ff333333" hottextcolor="#ff0099cc"/>			
		</HorizontalLayout>
		
		<Control height="1" bordersize="1" bordercolor="#FFAFAFAF" />		
		
		<HorizontalLayout>		
			 <HorizontalLayout sepimm="true" sepwidth="4" width="246" minwidth="246" maxwidth="456" inset="2,2,1,2" >
				<TreeView  name="tree_file" itemfont="6" minwidth="240" itemminwidth="450" itemselectedbkcolor="#FFCBDDFF" itemhotimage="file='btn_hot.png' corner='2,2,2,2'" itemselectedimage="file='btn_hot.png' corner='2,2,2,2'" childpadding="2" visiblecheckbtn="true" vscrollbar="true" hscrollbar="false">
				</TreeView>
             </HorizontalLayout>
			 
			 <Control width="1" bordersize="1" bordercolor="#FFAFAFAF" />		
			 
			 <VerticalLayout >
				<Container name="con_file_list"inset="0,0,0,0">
					<List name="list_file"	padding="0,5,0,0" inset="1,1,1,1" vscrollbar="true" hscrollbar="true" itemselectedimage="btncover2.png">
						<ListHeader height="30" bkcolor="#ffeeeeee" >
							<ListHeaderItem name="list_headItem_file_name" inset="1,0,1,0" width="160" sepimage="list_header_sep.png" sepimm="true" sepwidth="1" hotimage="headitemhot.png">
								<Label text="名称" textpadding="3,0,0,0" textcolor="#ff333333" endellipsis="true"/>
							</ListHeaderItem>
							<ListHeaderItem name="list_headItem_file_type" inset="1,0,1,0" width="160" sepimage="list_header_sep.png" sepimm="true" sepwidth="1"  hotimage="headitemhot.png">
								<Label text="类型" textpadding="3,0,0,0" textcolor="#ff333333" endellipsis="true"/>
							</ListHeaderItem>							
							<ListHeaderItem name="list_headItem_file_size" inset="1,0,1,0" width="140" sepimage="list_header_sep.png" sepimm="true" sepwidth="1" hotimage="headitemhot.png">
								<Label text="大小" textpadding="3,0,0,0" textcolor="#ff333333" endellipsis="true"/>
							</ListHeaderItem>							
							<ListHeaderItem name="list_headItem_file_date" inset="1,0,1,0" width="200" sepimage="list_header_sep.png" sepimm="true" sepwidth="1" hotimage="headitemhot.png">
								<Label text="日期" textpadding="3,0,0,0" textcolor="#ff333333" endellipsis="true"/>
							</ListHeaderItem>														
						</ListHeader>					
					</List>
				
				</Container>
			 
			 </VerticalLayout>
		
		
		
		</HorizontalLayout>
		
		
		    

    </VerticalLayout>
	
	
</Window>
