<?xml version="1.0" encoding="utf-8" standalone="yes" ?>
<Window size="600,400" caption="0,0,0,40" sizebox="4,4,6,6" mininfo="600,400" showshadow="true" shadowsize="5" shadowposition="1,1" shadowcolor="#333333" >
  <!--0--> <Font name="微软雅黑" size="15" bold="false" italic="false" />
  <!--1--> <Font name="微软雅黑" size="13" bold="false" italic="false" default="true"/>
  <!--2--> <Font name="微软雅黑" size="12" bold="false" italic="false" underline="true"/>
  <!--3--> <Font name="微软雅黑" size="12" bold="false" italic="false" />
  
  <Include source="scrollbar.xml" />

    <VerticalLayout bkcolor="#FFFFFFFF">  
		<VerticalLayout bkimage="titlebk.png" height="30" >
			<HorizontalLayout >
				<Label bkimage="log_small.png" width="20" height="20" padding="10,6,8,0" />
				<Label text="升级锁内许可" font="0" width="100" textcolor="#FFFFFFFF"/>
				<Control />
				<Button name="btn_close" padding="0,7,0,7" width="16" height="16" normalimage="file='关闭.png' source='0,0,16,16'" hotimage="file='关闭.png' source='32,0,48,16'" pushedimage="file='关闭.png' source='32,0,48,16'" />
				<Control width="20" />
			</HorizontalLayout>		
		</VerticalLayout>
		
		<HorizontalLayout padding="20,20,20,0" height="30">
			<Label  width="100" text="升级包路径:" font="0"/>			
			<Edit name="edit_path" bordersize="1" padding="0,1,0,0" font="1" bordercolor="#FFBFBFBF" textcolor="#ff222222" />
			<Control width="20" />
			<Button name="btn_path" width="40"  font="1" text="..." padding="0,1,0,1" normalimage="file='btn_normal.png' corner='2,2,2,2'" hotimage="file='btn_hot.png' corner='2,2,2,2'" pushedimage="file='btn_down.png' corner='2,2,2,2'" disabledimage="file='btn_disable.png' corner='2,2,2,2'" />		
		</HorizontalLayout>
		
		<TabLayout name="tab_main" padding="20,20,20,20" >
		
			<VerticalLayout>			
				<HorizontalLayout height="26" >
					<Label  width="100" text="升级包内容:" />
					<Control />
					<Button name="btn_update" width="80"   text="升级" padding="0,1,0,1" normalimage="file='btn_normal.png' corner='2,2,2,2'" hotimage="file='btn_hot.png' corner='2,2,2,2'" pushedimage="file='btn_down.png' corner='2,2,2,2'" disabledimage="file='btn_disable.png' corner='2,2,2,2'" />
				</HorizontalLayout>
				
				<List name="list_update_result"	padding="0,5,0,0" inset="2,2,2,2" vscrollbar="true" hscrollbar="true" bordersize="1" bordercolor="#FFAFAFAF" itemselectedimage="btncover2.png">
					<ListHeader height="25" bkcolor="#ffeeeeee" >
						<ListHeaderItem inset="1,0,1,0" width="60" sepimage="list_header_sep.png" sepimm="true" sepwidth="1" >
							<Label text="序号" textpadding="3,0,0,0" textcolor="#ff222222" endellipsis="true"/>
						</ListHeaderItem>
						<ListHeaderItem inset="1,0,1,0" width="150" sepimage="list_header_sep.png" sepimm="true" sepwidth="1" >
							<Label text="升级包描述" textpadding="3,0,0,0" textcolor="#ff222222" endellipsis="true"/>
						</ListHeaderItem>
						<ListHeaderItem inset="1,0,1,0" width="100" sepimage="list_header_sep.png" sepimm="true" sepwidth="1" >
							<Label text="锁号" textpadding="3,0,0,0" textcolor="#ff222222" endellipsis="true"/>
						</ListHeaderItem>
						<ListHeaderItem inset="1,0,1,0" width="150" sepimage="list_header_sep.png" sepimm="true" sepwidth="1" >
							<Label text="升级结果" textpadding="3,0,0,0" textcolor="#ff222222" endellipsis="true"/>
						</ListHeaderItem>
						<ListHeaderItem inset="1,0,1,0" width="60" sepimage="list_header_sep.png" sepimm="true" sepwidth="1" >
							<Label text="结果详情" textpadding="3,0,0,0" textcolor="#ff222222" endellipsis="true"/>
						</ListHeaderItem>						
					</ListHeader>					
				</List>
			</VerticalLayout>
			
			<VerticalLayout>
				<Control height="80"/>
			
				<HorizontalLayout height="26" >
					<Label name="lab_progress_tip_1" text="正在升级..." textcolor="#ff555555"/>
					<Label name="lab_progress_tip_2" text="已耗时: 00:00:00" width="150" align="right" textcolor="#ff555555"/>
				</HorizontalLayout>
				
				<Progress name="progress_update" bordersize="1" bordercolor="#FFBFBFBF" height="15" max="100" foreimage="progress_fore.png" value="50"/>
				
				<Control height="70" />
				
				<HorizontalLayout height="30">
					<Control />
					<Button name="btn_update_cancel" width="80"  text="取消" padding="0,1,0,1" normalimage="file='btn_normal.png' corner='2,2,2,2'" hotimage="file='btn_hot.png' corner='2,2,2,2'" pushedimage="file='btn_down.png' corner='2,2,2,2'" disabledimage="file='btn_disable.png' corner='2,2,2,2'" />
					<Control width="30" />
				</HorizontalLayout>				
			</VerticalLayout>			
			
		</TabLayout>


    </VerticalLayout>
	
	
</Window>