<?xml version="1.0" encoding="utf-8" standalone="yes" ?>
<Window size="1200,730" showshadow="true" sizebox="4,4,6,6" mininfo="1200,730" caption="0,0,0,100" shadowsize="5" shadowposition="1,1" shadowcolor="#333333" >
  <!--0--> <Font name="微软雅黑" size="19" bold="false" italic="false" />
  <!--1--> <Font name="微软雅黑" size="18" bold="false" italic="false" />
  <!--2--> <Font name="微软雅黑" size="15" bold="true" 	italic="false" />
  <!--3--> <Font name="微软雅黑" size="15" bold="false" italic="false" default="true"/>
  <!--4--> <Font name="微软雅黑" size="15" bold="false" italic="false" underline="true"/>
  <!--5--> <Font name="微软雅黑" size="13" bold="false" italic="false" />
  <!--6--> <Font name="微软雅黑" size="17" bold="false" italic="false" />
  
  <Include source="scrollbar.xml" />

    <VerticalLayout bkcolor="#ffffffff">  
	
		<VerticalLayout bkimage="titlebk.png" height="110" >
			<HorizontalLayout height="35" >
				<Label bkimage="log_small.png" width="20" height="20" padding="10,14,0,0" />
				<Label name="lab_mgr_title" text="深思数盾许可管理系统" font="0" textcolor="#ffffffff" width="300" textpadding="5,10,0,0" />
				<Control />
				<HorizontalLayout padding="0,8,0,8" width="170">
					<Control />
					<Button name="btn_help" width="16" height="16" normalimage="help.png" hotimage="help_hot.png" pushedimage="help_pushed.png"/>
					<Control width="26" />
					<Button name="btn_min" width="16" height="16" normalimage="file='最小化.png' source='0,0,16,16'" hotimage="file='最小化.png' source='16,0,32,16'" pushedimage="file='最小化.png' source='16,0,32,16'"/>
					<Control width="15" />
					<Container width="16" height="16">
						<Button name="maxbtn" width="16" height="16" normalimage="file='最大化.png' source='0,0,16,16'" hotimage="file='最大化.png' source='16,0,32,16'" pushedimage="file='最大化.png' source='16,0,32,16'"/>
						<Button name="restorebtn" visible="false" width="16" height="16" normalimage="file='复原.png' source='0,0,16,16'" hotimage="file='复原.png' source='16,0,32,16'" pushedimage="file='复原.png' source='16,0,32,16'"/>
					</Container>
					<Control width="15" />
					<Button name="btn_close" width="16" height="16" normalimage="file='关闭.png' source='0,0,16,16'" hotimage="file='关闭.png' source='32,0,48,16'" pushedimage="file='关闭.png' source='32,0,48,16'"/>
					<Control width="20" />
				</HorizontalLayout>				
			</HorizontalLayout>	
			<Control height="18" />
			<HorizontalLayout height="44">
				<Control width="20" />
				<Option name="opt_shouquan" bindtablayoutname="tab_main" bindtabindex="0" width="160" foreimage="file='授权.png' dest='30,3,68,41'" textpadding="70,0,0,0" text="授权" font="1" group="1" textcolor="#ffffffff" hotimage="file='btncorver.png' corner='2,2,2,2'" selectedimage="file='btncorver.png' corner='2,2,2,2'"/>
				<Control width="20" />
				<Option name="opt_event" bindtablayoutname="tab_main" bindtabindex="1" width="160" foreimage="file='账户.png' dest='30,3,68,41'" textpadding="70,0,0,0" text="事件查看" font="1" group="1" textcolor="#ffffffff" hotimage="file='btncorver.png' corner='2,2,2,2'" selectedimage="file='btncorver.png' corner='2,2,2,2'"/>
				<Control width="20" />
				<Option name="opt_set" selected="true" bindtablayoutname="tab_main" bindtabindex="2" width="160" foreimage="file='设置_main.png' dest='30,3,68,41'" textpadding="70,0,0,0" text="设置" font="1" group="1" textcolor="#ffffffff" hotimage="file='btncorver.png' corner='2,2,2,2'" selectedimage="file='btncorver.png' corner='2,2,2,2'"/>
				<Control width="20" />
				<Option name="opt_auto_repair" bindtablayoutname="tab_main" bindtabindex="3" width="160" foreimage="file='自动修复.png' dest='30,3,68,41'" textpadding="70,0,0,0" text="问题修复" font="1" group="1" textcolor="#ffffffff" hotimage="file='btncorver.png' corner='2,2,2,2'" selectedimage="file='btncorver.png' corner='2,2,2,2'"/>
			</HorizontalLayout>
			<Control />
		</VerticalLayout>
		
		
		<AnimationTabLayout name="tab_main" selectedid="2">
		
			<VerticalLayout name="tab_page_shouquan" padding="5,5,5,0">
				<HorizontalLayout>
					
					<HorizontalLayout sepimm="true" sepwidth="4" width="246" minwidth="246" maxwidth="456" inset="2,2,4,2" bordersize="1" bordercolor="#FFAFAFAF">
						<TreeView name="tree_device" minwidth="240" itemminwidth="450" visiblefolderbtn="true" vscrollbar="true" hscrollbar="true" itemselectedimage="btncover2.png" multipleitem="false" >
						</TreeView>
					</HorizontalLayout>													
					
					<Control width="3" />
					
					<VerticalLayout name="tab_device_detail" bordersize="1" padding="1,1,1,0" bordercolor="#FFAFAFAF">
							<HorizontalLayout height="33" bkimage="tabBkImage.png" >
								<Option name="opt_cert_info" selected="true" bindtablayoutname="tab_device_info" bindtabindex="0" align="center" width="107" text="许可信息"  group="10" normalimage="" selectedimage="tabBtnNor.png"/>
								<Option name="opt_device_info" bindtablayoutname="tab_device_info" bindtabindex="1" width="107" align="center" text="设备信息" group="10" normalimage="" selectedimage="tabBtnNor.png"/>
								<Option name="opt_device_session" bindtablayoutname="tab_device_info" bindtabindex="2" width="107" align="center" text="会话信息" group="10" normalimage="" selectedimage="tabBtnNor.png"/>
								<Control />
								<Option name="opt_device_immediately_tip" bindtablayoutname="tab_device_info" bindtabindex="3" width="107" align="center" text="即时信息" group="10" normalimage="" selectedimage="tabBtnNor.png"/>
							</HorizontalLayout>
							
							<TabLayout name="tab_device_info" >
							
								<List name="list_cert_info"	padding="0,5,0,0" inset="2,2,2,2" vscrollbar="true" hscrollbar="true" bordersize="1" bordercolor="#FFAFAFAF" itemselectedimage="btncover2.png">
									<ListHeader height="25" bkcolor="#ffeeeeee" >
										<ListHeaderItem name="list_head_item_license_id" inset="1,0,1,0" width="160" sepimage="list_header_sep.png" sepimm="true" sepwidth="1" hotimage="headitemhot.png">
											<Label text="许可ID" textpadding="3,0,0,0" textcolor="#ff222222" endellipsis="true"/>
										</ListHeaderItem>
										<ListHeaderItem name="list_head_item_license_desc" inset="1,0,1,0" width="200" sepimage="list_header_sep.png" sepimm="true" sepwidth="1" hotimage="headitemhot.png">
											<Label text="描述" textpadding="3,0,0,0" textcolor="#ff222222" endellipsis="true"/>
										</ListHeaderItem>
										<ListHeaderItem name="list_head_item_license_status" inset="1,0,1,0" width="80" sepimage="list_header_sep.png" sepimm="true" sepwidth="1" hotimage="headitemhot.png">
											<Label text="状态" textpadding="3,0,0,0" textcolor="#ff222222" endellipsis="true"/>
										</ListHeaderItem>
										<ListHeaderItem name="list_head_item_license_endtime" inset="1,0,1,0" width="160" sepimage="list_header_sep.png" sepimm="true" sepwidth="1" hotimage="headitemhot.png">
											<Label text="截止时间" textpadding="3,0,0,0" textcolor="#ff222222" endellipsis="true"/>
										</ListHeaderItem>
										<ListHeaderItem name="list_head_item_license_concurrent" inset="1,0,1,0" width="80" sepimage="list_header_sep.png" sepimm="true" sepwidth="1" hotimage="headitemhot.png">
											<Label text="并发数" textpadding="3,0,0,0" textcolor="#ff222222" endellipsis="true"/>
										</ListHeaderItem>
										<ListHeaderItem name="list_head_item_license_first_use_time" inset="1,0,1,0" width="160" sepimage="list_header_sep.png" sepimm="true" sepwidth="1" hotimage="headitemhot.png">
											<Label text="初次使用时间" textpadding="3,0,0,0" textcolor="#ff222222" endellipsis="true"/>
										</ListHeaderItem>							
									</ListHeader>					
								</List>
								
								<VerticalLayout>
									<VerticalLayout height="350" padding="5,5,5,5" bordersize="1" bordercolor="#FFAFAFAF">
										<Label text="加密锁信息" textpadding="5,0,0,0" height="30" bkcolor="#FFdddddd" bordersize="1" bordercolor="#FFAFAFAF" />
										
										<HorizontalLayout height="30" padding="60,10,0,0" >
											<Label text="外壳号：" width="100" />
											<Label name="lab_shell_serial" text="123456789" textcolor="#ff222222" />
										</HorizontalLayout>
										
										<HorizontalLayout height="30" padding="60,0,0,0" >
											<Label text="序列号：" width="100" />
											<Label name="lab_device_serial" text="123456789" textcolor="#ff222222" />
										</HorizontalLayout>
										
										<HorizontalLayout height="30" padding="60,0,0,0" >
											<Label text="UUID：" width="100" />
											<Label name="lab_device_uuid" text="abcd_efgh_hjik_1234_5678" textcolor="#ff222222" />
										</HorizontalLayout>
										
										<HorizontalLayout height="30" padding="60,0,0,0" >
											<Label text="生产日期：" width="100" />
											<Label name="lab_device_produce_date" text="2015/8/25" textcolor="#ff222222" />
										</HorizontalLayout>
										
										<HorizontalLayout height="30" padding="60,0,0,0" >
											<Label text="Entry版本：" width="100" />
											<Label name="lab_device_entry_version" text="3.2 - 1.6" textcolor="#ff222222" />
										</HorizontalLayout>
										
										<HorizontalLayout height="30" padding="60,0,0,0" >
											<Label text="固件版本：" width="100" />
											<Label name="lab_device_firmware_version" text="3.2 - 1.6" textcolor="#ff222222" />
										</HorizontalLayout>
										
										<HorizontalLayout height="30" padding="60,0,0,0" >
											<Label text="设备容量：" width="100" />
											<Label name="lab_device_capability" text="512KB(已使用256KB)" textcolor="#ff222222" />
										</HorizontalLayout>
										
										<HorizontalLayout height="30" padding="60,0,0,0" >
											<Label text="锁内许可：" width="100" />
											<Label name="lab_device_permission" text="20个" textcolor="#ff222222" />
										</HorizontalLayout>
										
										<HorizontalLayout height="30" padding="60,0,0,0" >
											<Label text="锁内证书：" width="100" />
											<Label name="lab_device_cert" text="" textcolor="#ff222222" autocalcwidth="true"/>
											<Button name="btn_cert_look" text="详情" padding="6,0,0,0" textcolor="#FF0000FF" font="4" width="40" disabledtextcolor="#ff666666"/>
										</HorizontalLayout>
										
										<HorizontalLayout height="30" padding="60,0,0,0" >
											<Label text="设备时间：" width="100" />
											<Label name="lab_device_time" text="" textcolor="#ff222222" width="150"/>
											<Button name="btn_device_time_refresh" text="刷新" padding="6,0,0,0" textcolor="#FF0000FF" font="4" width="40" disabledtextcolor="#ff666666"/>											
										</HorizontalLayout>	
									
									</VerticalLayout>
									
									<Control  height="10"/>
									
									<VerticalLayout padding="5,5,5,5" bordersize="1" height="170" bordercolor="#FFAFAFAF">
										<Label text="操作" textpadding="5,0,0,0" height="30" bkcolor="#FFdddddd" bordersize="1" bordercolor="#FFAFAFAF" />
										
										<HorizontalLayout padding="60,40,0,40" height="60" >
											<Button name="btn_device_modify_passwrod" width="100" text="修改密码" normalimage="file='btn_normal.png' corner='2,2,2,2'" hotimage="file='btn_hot.png' corner='2,2,2,2'" pushedimage="file='btn_down.png' corner='2,2,2,2'" disabledimage="file='btn_disable.png' corner='2,2,2,2'"/>
											<Control width="80" />
											<Button name="btn_device_modify_time" width="100" text="时间校准" normalimage="file='btn_normal.png' corner='2,2,2,2'" hotimage="file='btn_hot.png' corner='2,2,2,2'" pushedimage="file='btn_down.png' corner='2,2,2,2'" disabledimage="file='btn_disable.png' corner='2,2,2,2'"/>
											<Control width="80" />
											<Button name="btn_device_star" width="100" text="闪烁指示灯" normalimage="file='btn_normal.png' corner='2,2,2,2'" hotimage="file='btn_hot.png' corner='2,2,2,2'" pushedimage="file='btn_down.png' corner='2,2,2,2'" disabledimage="file='btn_disable.png' corner='2,2,2,2'"/>
										</HorizontalLayout>
										
									</VerticalLayout>
									
								</VerticalLayout>
								
								<TreeView name="tree_session" padding="0,5,0,0" bordersize="1" bordercolor="#FFAFAFAF" visiblefolderbtn="true" inset="2,2,2,2" vscrollbar="true" itemselectedimage="btncover2.png" multipleitem="false" >
								</TreeView>
								
								<List name="list_shouquan_tip"	padding="0,5,0,0" inset="2,2,2,2" vscrollbar="true" hscrollbar="true" bordersize="1" bordercolor="#FFAFAFAF" itemselectedimage="btncover2.png">
									<ListHeader height="25" bkcolor="#ffeeeeee" >
										<ListHeaderItem inset="1,0,1,0" width="900" sepimage="list_header_sep.png" sepimm="true" sepwidth="1" >											
										</ListHeaderItem>																
									</ListHeader>					
								</List>
							
							</TabLayout>							
						
					</VerticalLayout>
				
				</HorizontalLayout>
				
				<Control height="5" />
			</VerticalLayout>
			
			<VerticalLayout name="tab_page_event" >
			
				<List name="list_event_lookup"	padding="5,5,5,5" inset="2,2,2,2" vscrollbar="true" hscrollbar="true" bordersize="1" bordercolor="#FFAFAFAF" itemselectedimage="btncover2.png">
									<ListHeader height="25" bkcolor="#ffeeeeee" >
										<ListHeaderItem inset="1,0,1,0" width="900" sepimage="list_header_sep.png" sepimm="true" sepwidth="1" >											
										</ListHeaderItem>																
									</ListHeader>					
								</List>
			</VerticalLayout>
			
			<VerticalLayout name="tab_page_set" >
				<Control height="100" />
				
				<HorizontalLayout height="30">
					<Control width="80" />
					<Label text="服务名称:" font="2" width="100" textcolor="#FF444444"/>
					<Control width="10" />
					<Label name="text_service_name" font="3" text="SenseShield Service" align="left" textcolor="#FF666666"/>
				</HorizontalLayout>
				
				<Control height="20" />
				
				<HorizontalLayout height="30">
					<Control width="80" />
					<Label text="工作模式:" font="2" width="100" textcolor="#FF444444"/>
					<Control width="10" />
					<Combo name="combo_service_model" padding="0,2,0,2" vscrollbar="true" textpadding="3,0,20,0" width="200" font="3" itemfont="3" itemtextpadding="3,0,0,0" itemselectedtextcolor="#FF666666" itemhottextcolor="#FF666666" textcolor="#FF666666" itemtextcolor="#FF666666" height="25" dropboxsize="0,120" itemalign="left" bordersize="1" bordercolor="#FFAFAFAF" normalimage="file='combo_right.png' source='0,0,20,20' dest='180,2,200,22'" hotimage="file='combo_right.png' source='21,0,41,20' dest='180,2,200,22'" pushedimage="file='combo_right.png' source='42,0,62,20' dest='180,2,200,22'">
						<ListLabelElement text="本地模式"  height="25" />
						<ListLabelElement text="客户端模式"  height="25"/>
						<ListLabelElement text="客户端/服务器混合模式"  height="25" />														
					</Combo>
					<Control width="20" />
					<Button name="btn_service_modify" text="修改" textcolor="#FF0000FF" font="4" width="40"/>
					<Control width="80" />
					<Option name="opt_show_session" text="显示会话信息" padding="0,7,0,7" textcolor="#FF666666" font="3" width="126" textpadding="18,0,0,0" normalimage="file='checkbox.png' source='0,0,16,16' dest='0,0,16,16'" selectedimage="file='checkbox.png' source='16,0,32,16' dest='0,0,16,16'" />
				</HorizontalLayout>
				
				<Control height="20" />
				
				<HorizontalLayout height="30" >
					<Control width="80" />
					<Label text="当前版本:" font="2" width="100" textcolor="#FF444444"/>
					<Control width="10" />
					<Label name="lab_current_version" font="3" text="1000.0001.0100.0010" autocalcwidth="true" align="left" textcolor="#FF666666"/>
					<Control width="20" />
					<Button name="btn_check_update" text="检查更新" textcolor="#FF0000FF" font="4" width="60"/>
				</HorizontalLayout>
				
				<Control height="60" />
				
				<HorizontalLayout height="30" >
					<Control width="80" />
					<Label text="服务状态:" font="2" width="100" textcolor="#FF444444"/>
					<Control width="10" />
					<Label name="text_service_status" font="3" text="已经启动" align="left" textcolor="#FF666666"/>
				</HorizontalLayout>
				
				<Control height="10" />
				
				<HorizontalLayout height="30" >
					<Control width="80" />
					<Button name="btn_service_start" width="120" text="启 动" normalimage="file='btn_normal.png' corner='2,2,2,2'" hotimage="file='btn_hot.png' corner='2,2,2,2'" pushedimage="file='btn_down.png' corner='2,2,2,2'" disabledimage="file='btn_disable.png' corner='2,2,2,2'"/>
					<Control width="10" />
					<Button name="btn_service_stop" width="120" text="停 止" normalimage="file='btn_normal.png' corner='2,2,2,2'" hotimage="file='btn_hot.png' corner='2,2,2,2'" pushedimage="file='btn_down.png' corner='2,2,2,2'" disabledimage="file='btn_disable.png' corner='2,2,2,2'"/>
					<Control width="10" />
					<Button name="btn_service_restart" width="120" text="重新启动" normalimage="file='btn_normal.png' corner='2,2,2,2'" hotimage="file='btn_hot.png' corner='2,2,2,2'" pushedimage="file='btn_down.png' corner='2,2,2,2'" disabledimage="file='btn_disable.png' corner='2,2,2,2'"/>
					<Control width="10" />
					<Button name="btn_service_refresh" width="120" text="测试连接状态" normalimage="file='btn_normal.png' corner='2,2,2,2'" hotimage="file='btn_hot.png' corner='2,2,2,2'" pushedimage="file='btn_down.png' corner='2,2,2,2'" disabledimage="file='btn_disable.png' corner='2,2,2,2'"/>
				</HorizontalLayout>
				
				<Control height="30" />
				
				<Label name="lab_service_tip" padding="80,0,0,0" width="300" font="3" textcolor="#FFFF0000" />
				
			</VerticalLayout>
			
			<VerticalLayout name="tab_page_question_repair" >
				<Progress name="progress_question_check" height="10" max="100" foreimage="progressforepic.png" value="0"/>
				
				<TabLayout name="tab_question_main" height="80" >
					<HorizontalLayout>
						<Label text="问题修复需要检测的项" font="0" textpadding="50,0,0,0" padding="20,0,0,0" bkimage="file='lookup.png' dest='0,20,40,60'"/> 
						<Control />
						<Button name="btn_question_start_check" height="40" padding="0,20,60,20" width="100" text="开始检测" font="6" normalimage="file='btn_normal.png' corner='2,2,2,2'" hotimage="file='btn_hot.png' corner='2,2,2,2'" pushedimage="file='btn_down.png' corner='2,2,2,2'" disabledimage="file='btn_disable.png' corner='2,2,2,2'"/>
					</HorizontalLayout>				
				</TabLayout>
				
				<Control height="1" bordersize="1" bordercolor="#FFDFDFDF" />
				
				<Control height="20" />
				
				<List name="list_question_repair" >
					<ListHeader height="25" bkcolor="#ffeeeeee" >
						<ListHeaderItem  width="80" />											
						<ListHeaderItem  width="200" />	
						<ListHeaderItem  width="80" />	
					</ListHeader>					
				</List>				
				
			</VerticalLayout>
		
		</AnimationTabLayout>
	  
	  

		    

    </VerticalLayout>
	
	
</Window>
