<?xml version="1.0" encoding="utf-8" standalone="yes" ?>
<Window size="360,230" caption="0,0,0,40" showshadow="true" shadowsize="5" shadowposition="1,1" shadowcolor="#333333" >
  <!--0--> <Font name="微软雅黑" size="14" bold="false" italic="false" default="true"/>
  <!--1--> <Font name="微软雅黑" size="12" bold="false" italic="false" />
  
  <Include source="scrollbar.xml" />

    <VerticalLayout bkcolor="#FFFFFFFF">  
		<VerticalLayout bkimage="titlebk.png" height="30" >
			<HorizontalLayout >
				<Label bkimage="log_small.png" width="20" height="20" padding="10,6,8,0" />
				<Label text="云用户注册" width="150" textcolor="#FFFFFFFF"/>
				<Control />
				<Button name="btn_close" padding="0,7,0,7" width="16" height="16" normalimage="file='关闭.png' source='0,0,16,16'" hotimage="file='关闭.png' source='32,0,48,16'" pushedimage="file='关闭.png' source='32,0,48,16'" />
				<Control width="20" />
			</HorizontalLayout>		
		</VerticalLayout>
		
		<VerticalLayout padding="40,15,40,0">
			<HorizontalLayout height="30" >
				<Label text="用户名：" height="30" width="100" textcolor="#ff222222" />
				<Edit name="edit_user_name" text="" padding="0,2,0,2" bordersize="1" bordercolor="#FFAFAFAF" textcolor="#ff222222" tipvalue="手机号或邮箱" tipvaluecolor="#ff666666"/>
			</HorizontalLayout>
			
			<Control height="5" />
			
			<HorizontalLayout height="30" >
				<Label text="密 码：" height="30" width="100" textcolor="#ff222222" />
				<Edit name="edit_pasd_new" padding="0,2,0,2" password="true" bordersize="1" bordercolor="#FFAFAFAF" textcolor="#ff222222" />
			</HorizontalLayout>
			
			<Control height="5" />
			
			<HorizontalLayout height="30" >
				<Label text="确认密码：" height="30" width="100" textcolor="#ff222222" />
				<Edit name="edit_pasd_config" text="" password="true" padding="0,2,0,2" bordersize="1" bordercolor="#FFAFAFAF" textcolor="#ff222222" />
			</HorizontalLayout>
			
			<Control height="10" />
			
			<Label name="lab_pasd_tip" height="20" font="1" align="right" textcolor="#ff555555" text="密码由字符组成，区分大小写(不可包含空格)" />
			
			<Control height="15" />
			
			<HorizontalLayout height="26" >
				<Control width="40"/>
				<Button name="btn_ok" width="80" text="确 定" textcolor="#ff222222" normalimage="file='btn_normal.png' corner='2,2,2,2'" hotimage="file='btn_hot.png' corner='2,2,2,2'" pushedimage="file='btn_down.png' corner='2,2,2,2'" disabledimage="file='btn_disable.png' corner='2,2,2,2'" />
				<Control width="40" />
				<Button name="btn_close" width="80" text="取 消" textcolor="#ff222222" normalimage="file='btn_normal.png' corner='2,2,2,2'" hotimage="file='btn_hot.png' corner='2,2,2,2'" pushedimage="file='btn_down.png' corner='2,2,2,2'" disabledimage="file='btn_disable.png' corner='2,2,2,2'" />
				<Control width="40"/>
			</HorizontalLayout>	
		
		</VerticalLayout>

    </VerticalLayout>
	
	
</Window>
