<?xml version="1.0" encoding="utf-8" standalone="yes" ?>
<Window size="320,200" caption="0,0,0,40" showshadow="true" shadowsize="5" shadowposition="1,1" shadowcolor="#333333" >
  <!--0--> <Font name="微软雅黑" size="15" bold="false" italic="false" default="true"/>
  <!--1--> <Font name="微软雅黑" size="13" bold="false" italic="false" />
  
  <Include source="scrollbar.xml" />

    <VerticalLayout bkcolor="#FFFFFFFF">  
		<VerticalLayout bkimage="titlebk.png" height="30" >
			<HorizontalLayout >
				<Label bkimage="log_small.png" width="20" height="20" padding="10,6,8,0" />
				<Label text="错误码转换" width="100" textcolor="#FFFFFFFF"/>
				<Control />
				<Button name="closebtn" padding="0,7,0,7" width="16" height="16" normalimage="file='关闭.png' source='0,0,16,16'" hotimage="file='关闭.png' source='32,0,48,16'" pushedimage="file='关闭.png' source='32,0,48,16'" />
				<Control width="20" />
			</HorizontalLayout>		
		</VerticalLayout>
		
		<HorizontalLayout padding="20,20,20,0" height="26">
			<Label  width="55" text="错误码:" font="1"/>			
			<Edit name="edit_err" bordersize="1"  font="1" bordercolor="#FFBFBFBF" textcolor="#ff222222" />
			<Control width="20" />
			<Button name="btn_transfer" width="40"  font="1" text="转换" padding="0,1,0,2" normalimage="file='btn_normal.png' corner='2,2,2,2'" hotimage="file='btn_hot.png' corner='2,2,2,2'" pushedimage="file='btn_down.png' corner='2,2,2,2'" disabledimage="file='btn_disable.png' corner='2,2,2,2'" />		
		</HorizontalLayout>
		
		<RichEdit name="edit_transfer" inset="2,2,2,2" font="1" padding="20,20,20,20" bordersize="1" bordercolor="#FFBFBFBF" textcolor="#ff222222" enabled="false" />


    </VerticalLayout>
	
	
</Window>