<?xml version="1.0" encoding="utf-8" standalone="yes" ?>
<Window size="700,550" caption="0,0,0,40" showshadow="true" shadowsize="5" shadowposition="1,1" shadowcolor="#333333" >
  <!--0--> <Font name="微软雅黑" size="13" bold="false" italic="false" default="true"/>
  <!--1--> <Font name="微软雅黑" size="12" bold="false" italic="false" />    
  
  <Include source="scrollbar.xml" />

    <VerticalLayout bkcolor="#FFFFFFFF">  
		<VerticalLayout bkimage="titlebk.png" height="30" >
			<HorizontalLayout >
				<Label bkimage="log_small.png" width="20" height="20" padding="10,6,8,0" />
				<Label text="许可内容" width="80" textcolor="#FFFFFFFF"/>
				<Control />
				<Button name="closebtn" padding="0,7,0,7" width="16" height="16" normalimage="file='关闭.png' source='0,0,16,16'" hotimage="file='关闭.png' source='32,0,48,16'" pushedimage="file='关闭.png' source='32,0,48,16'" />
				<Control width="20" />
			</HorizontalLayout>		
		</VerticalLayout>
		
		<VerticalLayout padding="10,10,10,0" height="80" inset="10,10,10,10" bordersize="1" bordercolor="#FFBFBFBF">
			<HorizontalLayout height="28" >
				<Label text="许可ID：" width="100" textcolor="#ff222222" />
				<Edit name="edit_cert_id" width="160" readonly="true" font="1" align="right" padding="0,2,0,2" bordersize="1" bordercolor="#FFBFBFBF" textcolor="#ff222222" />
				<Control width="80" />
				<Label text="许可状态：" width="100" textcolor="#ff222222" />
				<Edit name="edit_cert_status" text="1111" width="160" font="1" padding="0,2,0,2" bordersize="1" readonly="true" align="right" bordercolor="#FFBFBFBF" textcolor="#ff222222" />
			</HorizontalLayout>
			
			<Control height="4" />
			
			<HorizontalLayout height="28" >
				<Label text="版本号：" width="100" textcolor="#ff222222" />
				<Edit name="edit_version" width="160" font="1" readonly="true" align="right" padding="0,2,0,2" bordersize="1" bordercolor="#FFBFBFBF" textcolor="#ff222222" />				
			</HorizontalLayout>
		</VerticalLayout>
		
		<VerticalLayout padding="10,10,10,0" height="112" inset="10,10,10,10" bordersize="1" bordercolor="#FFBFBFBF">
			<HorizontalLayout height="28" >
				<Label text="开始时间：" width="100" textcolor="#ff222222" />
				<Edit name="edit_start_time" width="160" font="1" readonly="true" align="right" padding="0,2,0,2" bordersize="1" bordercolor="#FFBFBFBF" textcolor="#ff222222" />
				<Control width="80" />
				<Label text="结束时间：" width="100" textcolor="#ff222222" />
				<Edit name="edit_end_time" width="160" font="1" padding="0,2,0,2" readonly="true" align="right" bordersize="1" bordercolor="#FFBFBFBF" textcolor="#ff222222" />
			</HorizontalLayout>
			
			<Control height="4" />
			
			<HorizontalLayout height="28" >
				<Label text="初次使用时间：" width="100" textcolor="#ff222222" />
				<Edit name="edit_first_use_time" font="1" width="160" readonly="true" align="right" padding="0,2,0,2" bordersize="1" bordercolor="#FFBFBFBF" textcolor="#ff222222" />	
				<Control width="80" />
				<Label text="跨度：" width="100" textcolor="#ff222222" />
				<Edit name="edit_span_time" width="160" font="1" padding="0,2,0,2" readonly="true" align="right" bordersize="1" bordercolor="#FFBFBFBF" textcolor="#ff222222" />				
			</HorizontalLayout>
			
			<Control height="4" />
			
			<HorizontalLayout height="28" >
				<Label text="签发时间：" width="100" textcolor="#ff222222" />
				<Edit name="edit_sign_time" width="160" font="1" padding="0,2,0,2" readonly="true" align="right" bordersize="1" bordercolor="#FFBFBFBF" textcolor="#ff222222" />	
				<Control width="80" />
				<Label text="签发流水号：" width="100" textcolor="#ff222222" />
				<Edit name="edit_sign_sn" width="160" font="1" padding="0,2,0,2" readonly="true" align="right" bordersize="1" bordercolor="#FFBFBFBF" textcolor="#ff222222" />				
			</HorizontalLayout>
		</VerticalLayout>
		
		<VerticalLayout padding="10,10,10,0" height="112" inset="10,10,10,10" bordersize="1" bordercolor="#FFBFBFBF">
			<HorizontalLayout height="28" >
				<Label text="并发数：" width="100" textcolor="#ff222222" />
				<Edit name="edit_concurrent" width="160" font="1" readonly="true" align="right" padding="0,2,0,2" bordersize="1" bordercolor="#FFBFBFBF" textcolor="#ff222222" />
				<Control width="80" />
				<Label text="并发类型：" width="100" textcolor="#ff222222" />
				<Edit name="edit_concurrent_type" width="160" font="1" readonly="true" align="right" padding="0,2,0,2" bordersize="1" bordercolor="#FFBFBFBF" textcolor="#ff222222" />
			</HorizontalLayout>
			
			<Control height="4" />
			
			<HorizontalLayout height="28" >
				<Label text="剩余次数：" width="100" textcolor="#ff222222" />
				<Edit name="edit_Surplus" width="160" font="1" readonly="true" align="right" padding="0,2,0,2" bordersize="1" bordercolor="#FFBFBFBF" textcolor="#ff222222" />	
			</HorizontalLayout>
			
			<Control height="4" />
			
			<HorizontalLayout height="28" >
				<Label text="锁定时间：" width="100" textcolor="#ff222222" />
				<Edit name="edit_lock_time" width="160" font="1" readonly="true" align="right" padding="0,2,0,2" bordersize="1" bordercolor="#FFBFBFBF" textcolor="#ff222222" />	
			</HorizontalLayout>
		</VerticalLayout>
		
		<VerticalLayout padding="10,10,10,0" inset="10,10,10,10" bordersize="1" bordercolor="#FFBFBFBF">
			<HorizontalLayout height="28" >
				<Label text="公开区大小：" width="100" textcolor="#ff222222" />
				<Edit name="edit_public_size" font="1" width="160" readonly="true" align="right" padding="0,2,0,2" bordersize="1" bordercolor="#FFBFBFBF" textcolor="#ff222222" />
			</HorizontalLayout>			
			
			<Label text="内容：" height="28" width="100" textcolor="#ff222222" />
			
			<Container name="con_public_content" padding="0,0,0,10" inset="2,2,2,2" height="80" bordersize="1" bordercolor="#FFBFBFBF"  />	
		</VerticalLayout>
		
		<Control height="10" />

    </VerticalLayout>
	
	
</Window>
