<?xml version="1.0" encoding="utf-8" standalone="yes" ?>
<Window size="600,300" caption="0,0,0,40" showshadow="true" shadowsize="5" shadowposition="1,1" shadowcolor="#333333" >
  <!--0--> <Font name="微软雅黑" size="15" bold="false" italic="false" />
  <!--1--> <Font name="微软雅黑" size="13" bold="false" italic="false" default="true"/>
  <!--2--> <Font name="微软雅黑" size="12" bold="false" italic="false" underline="true"/>
  <!--3--> <Font name="微软雅黑" size="12" bold="false" italic="false" />
  
  <Include source="scrollbar.xml" />

    <VerticalLayout bkcolor="#FFFFFFFF">  
		<VerticalLayout bkimage="titlebk.png" height="30" >
			<HorizontalLayout >
				<Label bkimage="log_small.png" width="20" height="20" padding="10,6,8,0" />
				<Label text="升级锁内许可结果详情" font="0" textcolor="#FFFFFFFF"/>				
				<Button name="closebtn" padding="0,7,0,7" width="16" height="16" normalimage="file='关闭.png' source='0,0,16,16'" hotimage="file='关闭.png' source='32,0,48,16'" pushedimage="file='关闭.png' source='32,0,48,16'" />
				<Control width="20" />
			</HorizontalLayout>		
		</VerticalLayout>		

		<List name="list_update_result"	padding="10,10,10,10" inset="2,2,2,2" vscrollbar="true" hscrollbar="true" bordersize="1" bordercolor="#FFAFAFAF" itemselectedimage="btncover2.png">
			<ListHeader height="25" bkcolor="#ffeeeeee" >
				<ListHeaderItem inset="1,0,1,0" width="120" sepimage="list_header_sep.png" sepimm="true" sepwidth="1" >
					<Label text="许可ID" textpadding="3,0,0,0" textcolor="#ff222222" endellipsis="true"/>
				</ListHeaderItem>
				<ListHeaderItem inset="1,0,1,0" width="300" sepimage="list_header_sep.png" sepimm="true" sepwidth="1" >
					<Label text="升级结果" textpadding="3,0,0,0" textcolor="#ff222222" endellipsis="true"/>
				</ListHeaderItem>											
			</ListHeader>					
		</List>


    </VerticalLayout>
	
	
</Window>