<?xml version="1.0" encoding="utf-8" standalone="yes" ?>
<Window size="360,200" caption="0,0,0,40" showshadow="true" shadowsize="5" shadowposition="1,1" shadowcolor="#333333" >
  <!--0--> <Font name="微软雅黑" size="14" bold="false" italic="false" default="true"/>
  <!--1--> <Font name="微软雅黑" size="16" bold="false" italic="false" />
  
  <Include source="scrollbar.xml" />

    <VerticalLayout bkcolor="#FFFFFFFF">  
		<VerticalLayout bkimage="titlebk.png" height="30" >
			<HorizontalLayout >
				<Label bkimage="log_small.png" width="20" height="20" padding="10,6,8,0" />
				<Label text="添加服务器" width="80" textcolor="#FFFFFFFF"/>
				<Control />
				<Button name="btn_cancel" padding="0,7,0,7" width="16" height="16" normalimage="file='关闭.png' source='0,0,16,16'" hotimage="file='关闭.png' source='32,0,48,16'" pushedimage="file='关闭.png' source='32,0,48,16'" />
				<Control width="20" />
			</HorizontalLayout>		
		</VerticalLayout>
		
		<VerticalLayout padding="40,15,40,0">
			<HorizontalLayout height="30" >
				<Label text="服务器名称：" height="30" width="100" textcolor="#ff222222" />
				<Edit name="edit_service_name" text="New Server" padding="0,2,0,2" bordersize="1" bordercolor="#FFAFAFAF" textcolor="#ff222222" />
			</HorizontalLayout>
			
			<Control height="5" />
			
			<HorizontalLayout height="30" >
				<Label text="IP地址：" height="30" width="100" textcolor="#ff222222" />
				<Edit name="edit_ip_address" tipvalue="格式: 192.168.0.0" tipvaluecolor="#ffAAAAAA" padding="0,2,0,2" bordersize="1" bordercolor="#FFAFAFAF" textcolor="#ff222222" />
			</HorizontalLayout>
			
			<Control height="5" />
			
			<HorizontalLayout height="30" >
				<Label text="端口号：" height="30" width="100" textcolor="#ff222222" />
				<Edit name="edit_port" text="10334" padding="0,2,0,2" bordersize="1" bordercolor="#FFAFAFAF" textcolor="#ff222222" />
			</HorizontalLayout>
			
			<Control height="15" />
			
			<HorizontalLayout height="26" >
				<Control />
				<Button name="btn_ok" width="80" text="确 定" textcolor="#ff222222" normalimage="file='btn_normal.png' corner='2,2,2,2'" hotimage="file='btn_hot.png' corner='2,2,2,2'" pushedimage="file='btn_down.png' corner='2,2,2,2'" disabledimage="file='btn_disable.png' corner='2,2,2,2'" />
				<Control width="20" />
				<Button name="btn_cancel" width="80" text="取消" textcolor="#ff222222" normalimage="file='btn_normal.png' corner='2,2,2,2'" hotimage="file='btn_hot.png' corner='2,2,2,2'" pushedimage="file='btn_down.png' corner='2,2,2,2'" disabledimage="file='btn_disable.png' corner='2,2,2,2'" />
			</HorizontalLayout>	
		
		</VerticalLayout>

    </VerticalLayout>
	
	
</Window>
